URL,Category,Severity,Issue,Detail,Related URLs
https://rainbowpreschools.com/,H1 issue,warning,No H1,No H1 tag found on this page,
https://rainbowpreschools.com,HTTPS,info,noHsts,,
https://www.rainbowpreschools.com/,Orphan page,info,Orphan,In sitemap but no internal page links to it,sitemap.xml
https://www.rainbowpreschools.com/about,Orphan page,info,Orphan,In sitemap but no internal page links to it,sitemap.xml
https://www.rainbowpreschools.com/programmes,Orphan page,info,Orphan,In sitemap but no internal page links to it,sitemap.xml
https://www.rainbowpreschools.com/gallery,Orphan page,info,Orphan,In sitemap but no internal page links to it,sitemap.xml
https://www.rainbowpreschools.com/contact,Orphan page,info,Orphan,In sitemap but no internal page links to it,sitemap.xml
https://www.rainbowpreschools.com/blog,Orphan page,info,Orphan,In sitemap but no internal page links to it,sitemap.xml
https://www.rainbowpreschools.com/faqs,Orphan page,info,Orphan,In sitemap but no internal page links to it,sitemap.xml
https://www.rainbowpreschools.com/best-preschool-near-me-in-thane,Orphan page,info,Orphan,In sitemap but no internal page links to it,sitemap.xml
https://www.rainbowpreschools.com/preschool-admissions,Orphan page,info,Orphan,In sitemap but no internal page links to it,sitemap.xml
https://www.rainbowpreschools.com/play-school-near-me,Orphan page,info,Orphan,In sitemap but no internal page links to it,sitemap.xml
https://www.rainbowpreschools.com/play-school-near-ghodbunder-road,Orphan page,info,Orphan,In sitemap but no internal page links to it,sitemap.xml
https://www.rainbowpreschools.com/play-school-near-majiwada,Orphan page,info,Orphan,In sitemap but no internal page links to it,sitemap.xml
https://www.rainbowpreschools.com/play-school-near-naupada,Orphan page,info,Orphan,In sitemap but no internal page links to it,sitemap.xml
https://www.rainbowpreschools.com/playgroup,Orphan page,info,Orphan,In sitemap but no internal page links to it,sitemap.xml
https://www.rainbowpreschools.com/nursery,Orphan page,info,Orphan,In sitemap but no internal page links to it,sitemap.xml
https://www.rainbowpreschools.com/kindergarten,Orphan page,info,Orphan,In sitemap but no internal page links to it,sitemap.xml
https://www.rainbowpreschools.com/happy-times,Orphan page,info,Orphan,In sitemap but no internal page links to it,sitemap.xml
https://www.rainbowpreschools.com/preschool-in-manpada-thane,Orphan page,info,Orphan,In sitemap but no internal page links to it,sitemap.xml
https://www.rainbowpreschools.com/preschool-in-hariniwas-thane,Orphan page,info,Orphan,In sitemap but no internal page links to it,sitemap.xml
https://www.rainbowpreschools.com/preschool-in-anand-nagar-thane,Orphan page,info,Orphan,In sitemap but no internal page links to it,sitemap.xml
https://www.rainbowpreschools.com/preschool-in-dhokali-thane,Orphan page,info,Orphan,In sitemap but no internal page links to it,sitemap.xml
https://www.rainbowpreschools.com/preschool-in-kalwa-thane,Orphan page,info,Orphan,In sitemap but no internal page links to it,sitemap.xml
https://www.rainbowpreschools.com/preschool-in-kasarvadavali-thane,Orphan page,info,Orphan,In sitemap but no internal page links to it,sitemap.xml
https://www.rainbowpreschools.com/playgroup-in-manpada,Orphan page,info,Orphan,In sitemap but no internal page links to it,sitemap.xml
https://www.rainbowpreschools.com/playgroup-in-kalwa,Orphan page,info,Orphan,In sitemap but no internal page links to it,sitemap.xml
https://www.rainbowpreschools.com/playgroup-near-ghodbunder-road,Orphan page,info,Orphan,In sitemap but no internal page links to it,sitemap.xml
https://www.rainbowpreschools.com/playgroup-in-anand-nagar,Orphan page,info,Orphan,In sitemap but no internal page links to it,sitemap.xml
https://www.rainbowpreschools.com/playgroup-in-kasarvadavali,Orphan page,info,Orphan,In sitemap but no internal page links to it,sitemap.xml
https://www.rainbowpreschools.com/playgroup-in-dhokali,Orphan page,info,Orphan,In sitemap but no internal page links to it,sitemap.xml
https://www.rainbowpreschools.com/holi-activities-for-kids,Orphan page,info,Orphan,In sitemap but no internal page links to it,sitemap.xml
https://www.rainbowpreschools.com/national-symbols-of-india-for-kids,Orphan page,info,Orphan,In sitemap but no internal page links to it,sitemap.xml
https://www.rainbowpreschools.com/sports-day-activities-for-kindergarten,Orphan page,info,Orphan,In sitemap but no internal page links to it,sitemap.xml
https://www.rainbowpreschools.com/36-motivational-thoughts-of-the-day-for-kids,Orphan page,info,Orphan,In sitemap but no internal page links to it,sitemap.xml
https://www.rainbowpreschools.com/body-parts-names-in-english-for-preschoolers,Orphan page,info,Orphan,In sitemap but no internal page links to it,sitemap.xml
https://www.rainbowpreschools.com/rainy-season-activities-for-kindergarten,Orphan page,info,Orphan,In sitemap but no internal page links to it,sitemap.xml
https://www.rainbowpreschools.com/diwali-activity-for-kindergarten,Orphan page,info,Orphan,In sitemap but no internal page links to it,sitemap.xml
https://www.rainbowpreschools.com/best-indoor-games-for-kids-at-home,Orphan page,info,Orphan,In sitemap but no internal page links to it,sitemap.xml
https://www.rainbowpreschools.com/explore-50-fruits-vegetables-english-hindi,Orphan page,info,Orphan,In sitemap but no internal page links to it,sitemap.xml
https://www.rainbowpreschools.com/solitary-play-activities,Orphan page,info,Orphan,In sitemap but no internal page links to it,sitemap.xml
https://www.rainbowpreschools.com/preschool-readiness-quiz,Orphan page,info,Orphan,In sitemap but no internal page links to it,sitemap.xml
https://www.rainbowpreschools.com/top-preschools-in-thane,Orphan page,info,Orphan,In sitemap but no internal page links to it,sitemap.xml
https://www.rainbowpreschools.com/testimonials,Orphan page,info,Orphan,In sitemap but no internal page links to it,sitemap.xml
https://www.rainbowpreschools.com/pre-kg-age-guide,Orphan page,info,Orphan,In sitemap but no internal page links to it,sitemap.xml
https://www.rainbowpreschools.com/guide-to-understanding-good-touch-and-bad-touch,Orphan page,info,Orphan,In sitemap but no internal page links to it,sitemap.xml
https://www.rainbowpreschools.com/impact-of-parent-teacher-communication-on-student-success,Orphan page,info,Orphan,In sitemap but no internal page links to it,sitemap.xml
https://www.rainbowpreschools.com/7-things-you-can-do-to-help-children-overcome-fear,Orphan page,info,Orphan,In sitemap but no internal page links to it,sitemap.xml
https://www.rainbowpreschools.com/importance-of-play-in-childrens-emotional-growth,Orphan page,info,Orphan,In sitemap but no internal page links to it,sitemap.xml
https://www.rainbowpreschools.com/what-makes-children-forget-their-manners,Orphan page,info,Orphan,In sitemap but no internal page links to it,sitemap.xml
https://www.rainbowpreschools.com/trends-in-early-childhood-education,Orphan page,info,Orphan,In sitemap but no internal page links to it,sitemap.xml
https://www.rainbowpreschools.com/healthy-preschool-meals-for-bright-minds-and-bodies,Orphan page,info,Orphan,In sitemap but no internal page links to it,sitemap.xml
https://www.rainbowpreschools.com/boost-early-childhood-development-with-educational-toys,Orphan page,info,Orphan,In sitemap but no internal page links to it,sitemap.xml
https://www.rainbowpreschools.com/6-simple-tips-for-improving-listening-skills-in-preschoolers,Orphan page,info,Orphan,In sitemap but no internal page links to it,sitemap.xml
https://www.rainbowpreschools.com/10-spring-gardening-activities-for-preschoolers,Orphan page,info,Orphan,In sitemap but no internal page links to it,sitemap.xml
https://www.rainbowpreschools.com/how-to-motivate-your-kids-for-school-8-ways,Orphan page,info,Orphan,In sitemap but no internal page links to it,sitemap.xml
https://www.rainbowpreschools.com/7-ways-teaching-aids-help-children-learn-better,Orphan page,info,Orphan,In sitemap but no internal page links to it,sitemap.xml
https://www.rainbowpreschools.com/8-reasons-cooking-is-important-for-kids,Orphan page,info,Orphan,In sitemap but no internal page links to it,sitemap.xml
https://www.rainbowpreschools.com/blog/independence-day-for-kids,Orphan page,info,Orphan,In sitemap but no internal page links to it,sitemap.xml
https://www.rainbowpreschools.com/blog/toddler-speech-development-milestones-when-to-worry,Orphan page,info,Orphan,In sitemap but no internal page links to it,sitemap.xml
https://www.rainbowpreschools.com/blog/preparing-preschooler-new-sibling,Orphan page,info,Orphan,In sitemap but no internal page links to it,sitemap.xml
https://www.rainbowpreschools.com/blog/yoga-mindfulness-preschoolers-daily-routines,Orphan page,info,Orphan,In sitemap but no internal page links to it,sitemap.xml
https://www.rainbowpreschools.com/blog/stem-activities-preschoolers-home,Orphan page,info,Orphan,In sitemap but no internal page links to it,sitemap.xml
https://www.rainbowpreschools.com/blog/first-day-preschool-packing-checklist,Orphan page,info,Orphan,In sitemap but no internal page links to it,sitemap.xml
https://www.rainbowpreschools.com/blog/toddler-tantrum-management-emotional-regulation,Orphan page,info,Orphan,In sitemap but no internal page links to it,sitemap.xml
https://www.rainbowpreschools.com/blog/picky-eater-toddler-solutions,Orphan page,info,Orphan,In sitemap but no internal page links to it,sitemap.xml
https://www.rainbowpreschools.com/blog/toilet-training-toddlers-indian-parents-guide,Orphan page,info,Orphan,In sitemap but no internal page links to it,sitemap.xml
https://www.rainbowpreschools.com/blog/healthy-tiffin-box-ideas-preschoolers,Orphan page,info,Orphan,In sitemap but no internal page links to it,sitemap.xml
https://www.rainbowpreschools.com/blog/screen-time-guidelines-preschoolers-india,Orphan page,info,Orphan,In sitemap but no internal page links to it,sitemap.xml
https://www.rainbowpreschools.com/blog/50-fun-learning-activities-preschoolers,Orphan page,info,Orphan,In sitemap but no internal page links to it,sitemap.xml
https://www.rainbowpreschools.com/blog/best-childrens-books-indian-preschoolers,Orphan page,info,Orphan,In sitemap but no internal page links to it,sitemap.xml
https://www.rainbowpreschools.com/blog/signs-of-good-preschool-thane,Orphan page,info,Orphan,In sitemap but no internal page links to it,sitemap.xml
https://www.rainbowpreschools.com/blog/preschool-vs-daycare-difference,Orphan page,info,Orphan,In sitemap but no internal page links to it,sitemap.xml
https://www.rainbowpreschools.com/blog/what-age-start-play-school,Orphan page,info,Orphan,In sitemap but no internal page links to it,sitemap.xml
https://www.rainbowpreschools.com/blog/benefits-play-school-2-year-olds,Orphan page,info,Orphan,In sitemap but no internal page links to it,sitemap.xml
https://www.rainbowpreschools.com/blog/republic-day-2026,Orphan page,info,Orphan,In sitemap but no internal page links to it,sitemap.xml
https://www.rainbowpreschools.com/blog/nursery-school-admission-thane-2026,Orphan page,info,Orphan,In sitemap but no internal page links to it,sitemap.xml
https://www.rainbowpreschools.com/blog/what-children-learn-nursery-school,Orphan page,info,Orphan,In sitemap but no internal page links to it,sitemap.xml
https://www.rainbowpreschools.com/blog/what-to-ask-during-a-tour-of-a-preschool-in-thane,Orphan page,info,Orphan,In sitemap but no internal page links to it,sitemap.xml
https://www.rainbowpreschools.com/blog/understanding-the-importance-of-preschool-in-early-childhood-development,Orphan page,info,Orphan,In sitemap but no internal page links to it,sitemap.xml
https://www.rainbowpreschools.com/blog/how-play-based-learning-shapes-young-minds,Orphan page,info,Orphan,In sitemap but no internal page links to it,sitemap.xml
https://www.rainbowpreschools.com/blog/preparing-your-child-for-first-day-preschool,Orphan page,info,Orphan,In sitemap but no internal page links to it,sitemap.xml
https://www.rainbowpreschools.com/blog/role-of-parents-early-education,Orphan page,info,Orphan,In sitemap but no internal page links to it,sitemap.xml
https://www.rainbowpreschools.com/blog/creating-safe-nurturing-learning-environment,Orphan page,info,Orphan,In sitemap but no internal page links to it,sitemap.xml
https://rainbowpreschools.com/,Structured data,info,Missing,Missing Organization schema for this page type,
